タイトル,作者名,13桁ISBN,読書状況,評価,レビュー,読書メモ(非公開),読了日
取り込みの見本 第1巻の本,見本 著者1,,読み終わった,0,,,2026-05-10
取り込みの見本 第2巻の本,見本 著者2,,読み終わった,0,,,2026-05-10
取り込みの見本 第3巻の本,見本 著者3,,読み終わった,0,,,2026-05-10
取り込みの見本 第4巻の本,見本 著者4,,読み終わった,0,,,2026-05-10
取り込みの見本 第5巻の本,見本 著者5,,読み終わった,0,,,2026-05-10
取り込みの見本 第6巻の本,見本 著者6,,読み終わった,0,,,2026-05-10
取り込みの見本 第7巻の本,見本 著者7,,読み終わった,0,,,2026-05-10
取り込みの見本 第8巻の本,見本 著者8,,読み終わった,0,,,2026-05-10
取り込みの見本 第9巻の本,見本 著者9,,読み終わった,0,,,2026-05-10
取り込みの見本 第10巻の本,見本 著者10,,読み終わった,0,,,2026-05-10
取り込みの見本 第11巻の本,見本 著者11,,読み終わった,0,,,2026-05-10
取り込みの見本 第12巻の本,見本 著者12,,読み終わった,0,,,2026-05-10
取り込みの見本 第13巻の本,見本 著者13,,読み終わった,0,,,2026-05-10
取り込みの見本 第14巻の本,見本 著者14,,読み終わった,0,,,2026-05-10
取り込みの見本 第15巻の本,見本 著者15,,読み終わった,0,,,2026-05-10
取り込みの見本 第16巻の本,見本 著者16,,読み終わった,0,,,2026-05-10
取り込みの見本 第17巻の本,見本 著者17,,読み終わった,0,,,2026-05-10
取り込みの見本 第18巻の本,見本 著者18,,読み終わった,0,,,2026-05-10
取り込みの見本 第19巻の本,見本 著者19,,読み終わった,0,,,2026-05-10
取り込みの見本 第20巻の本,見本 著者20,,読み終わった,0,,,2026-05-10
取り込みの見本 第21巻の本,見本 著者21,,読み終わった,0,,,2026-05-10
取り込みの見本 第22巻の本,見本 著者22,,読み終わった,0,,,2026-05-10
取り込みの見本 第23巻の本,見本 著者23,,読み終わった,0,,,2026-05-10
取り込みの見本 第24巻の本,見本 著者24,,読み終わった,0,,,2026-05-10
取り込みの見本 第25巻の本,見本 著者25,,読み終わった,0,,,2026-05-10
取り込みの見本 第26巻の本,見本 著者26,,読み終わった,0,,,2026-05-10
取り込みの見本 第27巻の本,見本 著者27,,読み終わった,0,,,2026-05-10
取り込みの見本 第28巻の本,見本 著者28,,読み終わった,0,,,2026-05-10
取り込みの見本 第29巻の本,見本 著者29,,読み終わった,0,,,2026-05-10
取り込みの見本 第30巻の本,見本 著者30,,読み終わった,0,,,2026-05-10
取り込みの見本 第31巻の本,見本 著者31,,読み終わった,0,,,2026-05-10
取り込みの見本 第32巻の本,見本 著者32,,読み終わった,0,,,2026-05-10
取り込みの見本 第33巻の本,見本 著者33,,読み終わった,0,,,2026-05-10
取り込みの見本 第34巻の本,見本 著者34,,読み終わった,0,,,2026-05-10
取り込みの見本 第35巻の本,見本 著者35,,読み終わった,0,,,2026-05-10
取り込みの見本 第36巻の本,見本 著者36,,読み終わった,0,,,2026-05-10
取り込みの見本 第37巻の本,見本 著者37,,読み終わった,0,,,2026-05-10
取り込みの見本 第38巻の本,見本 著者38,,読み終わった,0,,,2026-05-10
取り込みの見本 第39巻の本,見本 著者39,,読み終わった,0,,,2026-05-10
取り込みの見本 第40巻の本,見本 著者40,,読み終わった,0,,,2026-05-10
取り込みの見本 第41巻の本,見本 著者41,,読み終わった,0,,,2026-05-10
取り込みの見本 第42巻の本,見本 著者42,,読み終わった,0,,,2026-05-10
取り込みの見本 第43巻の本,見本 著者43,,読み終わった,0,,,2026-05-10
取り込みの見本 第44巻の本,見本 著者44,,読み終わった,0,,,2026-05-10
取り込みの見本 第45巻の本,見本 著者45,,読み終わった,0,,,2026-05-10
取り込みの見本 第46巻の本,見本 著者46,,読み終わった,0,,,2026-05-10
取り込みの見本 第47巻の本,見本 著者47,,読み終わった,0,,,2026-05-10
取り込みの見本 第48巻の本,見本 著者48,,読み終わった,0,,,2026-05-10
取り込みの見本 第49巻の本,見本 著者49,,読み終わった,0,,,2026-05-10
取り込みの見本 第50巻の本,見本 著者50,,読み終わった,0,,,2026-05-10
取り込みの見本 第51巻の本,見本 著者51,,読み終わった,0,,,2026-05-10
取り込みの見本 第52巻の本,見本 著者52,,読み終わった,0,,,2026-05-10
取り込みの見本 第53巻の本,見本 著者53,,読み終わった,0,,,2026-05-10
取り込みの見本 第54巻の本,見本 著者54,,読み終わった,0,,,2026-05-10
取り込みの見本 第55巻の本,見本 著者55,,読み終わった,0,,,2026-05-10
取り込みの見本 第56巻の本,見本 著者56,,読み終わった,0,,,2026-05-10
取り込みの見本 第57巻の本,見本 著者57,,読み終わった,0,,,2026-05-10
取り込みの見本 第58巻の本,見本 著者58,,読み終わった,0,,,2026-05-10
取り込みの見本 第59巻の本,見本 著者59,,読み終わった,0,,,2026-05-10
取り込みの見本 第60巻の本,見本 著者60,,読み終わった,0,,,2026-05-10
取り込みの見本 第61巻の本,見本 著者61,,読み終わった,0,,,2026-05-10
取り込みの見本 第62巻の本,見本 著者62,,読み終わった,0,,,2026-05-10
取り込みの見本 第63巻の本,見本 著者63,,読み終わった,0,,,2026-05-10
取り込みの見本 第64巻の本,見本 著者64,,読み終わった,0,,,2026-05-10
取り込みの見本 第65巻の本,見本 著者65,,読み終わった,0,,,2026-05-10
取り込みの見本 第66巻の本,見本 著者66,,読み終わった,0,,,2026-05-10
取り込みの見本 第67巻の本,見本 著者67,,読み終わった,0,,,2026-05-10
取り込みの見本 第68巻の本,見本 著者68,,読み終わった,0,,,2026-05-10
取り込みの見本 第69巻の本,見本 著者69,,読み終わった,0,,,2026-05-10
取り込みの見本 第70巻の本,見本 著者70,,読み終わった,0,,,2026-05-10
取り込みの見本 第71巻の本,見本 著者71,,読み終わった,0,,,2026-05-10
取り込みの見本 第72巻の本,見本 著者72,,読み終わった,0,,,2026-05-10
取り込みの見本 第73巻の本,見本 著者73,,読み終わった,0,,,2026-05-10
取り込みの見本 第74巻の本,見本 著者74,,読み終わった,0,,,2026-05-10
取り込みの見本 第75巻の本,見本 著者75,,読み終わった,0,,,2026-05-10
取り込みの見本 第76巻の本,見本 著者76,,読み終わった,0,,,2026-05-10
取り込みの見本 第77巻の本,見本 著者77,,読み終わった,0,,,2026-05-10
取り込みの見本 第78巻の本,見本 著者78,,読み終わった,0,,,2026-05-10
取り込みの見本 第79巻の本,見本 著者79,,読み終わった,0,,,2026-05-10
取り込みの見本 第80巻の本,見本 著者80,,読み終わった,0,,,2026-05-10
取り込みの見本 第81巻の本,見本 著者81,,読み終わった,0,,,2026-05-10
取り込みの見本 第82巻の本,見本 著者82,,読み終わった,0,,,2026-05-10
取り込みの見本 第83巻の本,見本 著者83,,読み終わった,0,,,2026-05-10
取り込みの見本 第84巻の本,見本 著者84,,読み終わった,0,,,2026-05-10
取り込みの見本 第85巻の本,見本 著者85,,読み終わった,0,,,2026-05-10
取り込みの見本 第86巻の本,見本 著者86,,読み終わった,0,,,2026-05-10
取り込みの見本 第87巻の本,見本 著者87,,読み終わった,0,,,2026-05-10
取り込みの見本 第88巻の本,見本 著者88,,読み終わった,0,,,2026-05-10
取り込みの見本 第89巻の本,見本 著者89,,読み終わった,0,,,2026-05-10
取り込みの見本 第90巻の本,見本 著者90,,読み終わった,0,,,2026-05-10
取り込みの見本 第91巻の本,見本 著者91,,読み終わった,0,,,2026-05-10
取り込みの見本 第92巻の本,見本 著者92,,読み終わった,0,,,2026-05-10
取り込みの見本 第93巻の本,見本 著者93,,読み終わった,0,,,2026-05-10
取り込みの見本 第94巻の本,見本 著者94,,読み終わった,0,,,2026-05-10
取り込みの見本 第95巻の本,見本 著者95,,読み終わった,0,,,2026-05-10
取り込みの見本 第96巻の本,見本 著者96,,読み終わった,0,,,2026-05-10
取り込みの見本 第97巻の本,見本 著者97,,読み終わった,0,,,2026-05-10
取り込みの見本 第98巻の本,見本 著者98,,読み終わった,0,,,2026-05-10
取り込みの見本 第99巻の本,見本 著者99,,読み終わった,0,,,2026-05-10
取り込みの見本 第100巻の本,見本 著者100,,読み終わった,0,,,2026-05-10
取り込みの見本 第101巻の本,見本 著者101,,読み終わった,0,,,2026-05-10
取り込みの見本 第102巻の本,見本 著者102,,読み終わった,0,,,2026-05-10
取り込みの見本 第103巻の本,見本 著者103,,読み終わった,0,,,2026-05-10
取り込みの見本 第104巻の本,見本 著者104,,読み終わった,0,,,2026-05-10
取り込みの見本 第105巻の本,見本 著者105,,読み終わった,0,,,2026-05-10
取り込みの見本 第106巻の本,見本 著者106,,読み終わった,0,,,2026-05-10
取り込みの見本 第107巻の本,見本 著者107,,読み終わった,0,,,2026-05-10
取り込みの見本 第108巻の本,見本 著者108,,読み終わった,0,,,2026-05-10
取り込みの見本 第109巻の本,見本 著者109,,読み終わった,0,,,2026-05-10
取り込みの見本 第110巻の本,見本 著者110,,読み終わった,0,,,2026-05-10
取り込みの見本 第111巻の本,見本 著者111,,読み終わった,0,,,2026-05-10
取り込みの見本 第112巻の本,見本 著者112,,読み終わった,0,,,2026-05-10
取り込みの見本 第113巻の本,見本 著者113,,読み終わった,0,,,2026-05-10
取り込みの見本 第114巻の本,見本 著者114,,読み終わった,0,,,2026-05-10
取り込みの見本 第115巻の本,見本 著者115,,読み終わった,0,,,2026-05-10
取り込みの見本 第116巻の本,見本 著者116,,読み終わった,0,,,2026-05-10
取り込みの見本 第117巻の本,見本 著者117,,読み終わった,0,,,2026-05-10
取り込みの見本 第118巻の本,見本 著者118,,読み終わった,0,,,2026-05-10
取り込みの見本 第119巻の本,見本 著者119,,読み終わった,0,,,2026-05-10
取り込みの見本 第120巻の本,見本 著者120,,読み終わった,0,,,2026-05-10
取り込みの見本 第121巻の本,見本 著者121,,読み終わった,0,,,2026-05-10
取り込みの見本 第122巻の本,見本 著者122,,読み終わった,0,,,2026-05-10
取り込みの見本 第123巻の本,見本 著者123,,読み終わった,0,,,2026-05-10
取り込みの見本 第124巻の本,見本 著者124,,読み終わった,0,,,2026-05-10
取り込みの見本 第125巻の本,見本 著者125,,読み終わった,0,,,2026-05-10
取り込みの見本 第126巻の本,見本 著者126,,読み終わった,0,,,2026-05-10
取り込みの見本 第127巻の本,見本 著者127,,読み終わった,0,,,2026-05-10
取り込みの見本 第128巻の本,見本 著者128,,読み終わった,0,,,2026-05-10
取り込みの見本 第129巻の本,見本 著者129,,読み終わった,0,,,2026-05-10
取り込みの見本 第130巻の本,見本 著者130,,読み終わった,0,,,2026-05-10
取り込みの見本 第131巻の本,見本 著者131,,読み終わった,0,,,2026-05-10
取り込みの見本 第132巻の本,見本 著者132,,読み終わった,0,,,2026-05-10
取り込みの見本 第133巻の本,見本 著者133,,読み終わった,0,,,2026-05-10
取り込みの見本 第134巻の本,見本 著者134,,読み終わった,0,,,2026-05-10
取り込みの見本 第135巻の本,見本 著者135,,読み終わった,0,,,2026-05-10
取り込みの見本 第136巻の本,見本 著者136,,読み終わった,0,,,2026-05-10
取り込みの見本 第137巻の本,見本 著者137,,読み終わった,0,,,2026-05-10
取り込みの見本 第138巻の本,見本 著者138,,読み終わった,0,,,2026-05-10
取り込みの見本 第139巻の本,見本 著者139,,読み終わった,0,,,2026-05-10
取り込みの見本 第140巻の本,見本 著者140,,読み終わった,0,,,2026-05-10
取り込みの見本 第141巻の本,見本 著者141,,読み終わった,0,,,2026-05-10
取り込みの見本 第142巻の本,見本 著者142,,読み終わった,0,,,2026-05-10
取り込みの見本 第143巻の本,見本 著者143,,読み終わった,0,,,2026-05-10
取り込みの見本 第144巻の本,見本 著者144,,読み終わった,0,,,2026-05-10
取り込みの見本 第145巻の本,見本 著者145,,読み終わった,0,,,2026-05-10
取り込みの見本 第146巻の本,見本 著者146,,読み終わった,0,,,2026-05-10
取り込みの見本 第147巻の本,見本 著者147,,読み終わった,0,,,2026-05-10
取り込みの見本 第148巻の本,見本 著者148,,読み終わった,0,,,2026-05-10
取り込みの見本 第149巻の本,見本 著者149,,読み終わった,0,,,2026-05-10
取り込みの見本 第150巻の本,見本 著者150,,読み終わった,0,,,2026-05-10
取り込みの見本 第151巻の本,見本 著者151,,読み終わった,0,,,2026-05-10
取り込みの見本 第152巻の本,見本 著者152,,読み終わった,0,,,2026-05-10
取り込みの見本 第153巻の本,見本 著者153,,読み終わった,0,,,2026-05-10
取り込みの見本 第154巻の本,見本 著者154,,読み終わった,0,,,2026-05-10
取り込みの見本 第155巻の本,見本 著者155,,読み終わった,0,,,2026-05-10
取り込みの見本 第156巻の本,見本 著者156,,読み終わった,0,,,2026-05-10
取り込みの見本 第157巻の本,見本 著者157,,読み終わった,0,,,2026-05-10
取り込みの見本 第158巻の本,見本 著者158,,読み終わった,0,,,2026-05-10
取り込みの見本 第159巻の本,見本 著者159,,読み終わった,0,,,2026-05-10
取り込みの見本 第160巻の本,見本 著者160,,読み終わった,0,,,2026-05-10
取り込みの見本 第161巻の本,見本 著者161,,読み終わった,0,,,2026-05-10
取り込みの見本 第162巻の本,見本 著者162,,読み終わった,0,,,2026-05-10
取り込みの見本 第163巻の本,見本 著者163,,読み終わった,0,,,2026-05-10
取り込みの見本 第164巻の本,見本 著者164,,読み終わった,0,,,2026-05-10
取り込みの見本 第165巻の本,見本 著者165,,読み終わった,0,,,2026-05-10
取り込みの見本 第166巻の本,見本 著者166,,読み終わった,0,,,2026-05-10
取り込みの見本 第167巻の本,見本 著者167,,読み終わった,0,,,2026-05-10
取り込みの見本 第168巻の本,見本 著者168,,読み終わった,0,,,2026-05-10
取り込みの見本 第169巻の本,見本 著者169,,読み終わった,0,,,2026-05-10
取り込みの見本 第170巻の本,見本 著者170,,読み終わった,0,,,2026-05-10
取り込みの見本 第171巻の本,見本 著者171,,読み終わった,0,,,2026-05-10
取り込みの見本 第172巻の本,見本 著者172,,読み終わった,0,,,2026-05-10
取り込みの見本 第173巻の本,見本 著者173,,読み終わった,0,,,2026-05-10
取り込みの見本 第174巻の本,見本 著者174,,読み終わった,0,,,2026-05-10
取り込みの見本 第175巻の本,見本 著者175,,読み終わった,0,,,2026-05-10
取り込みの見本 第176巻の本,見本 著者176,,読み終わった,0,,,2026-05-10
取り込みの見本 第177巻の本,見本 著者177,,読み終わった,0,,,2026-05-10
取り込みの見本 第178巻の本,見本 著者178,,読み終わった,0,,,2026-05-10
取り込みの見本 第179巻の本,見本 著者179,,読み終わった,0,,,2026-05-10
取り込みの見本 第180巻の本,見本 著者180,,読み終わった,0,,,2026-05-10
取り込みの見本 第181巻の本,見本 著者181,,読み終わった,0,,,2026-05-10
取り込みの見本 第182巻の本,見本 著者182,,読み終わった,0,,,2026-05-10
取り込みの見本 第183巻の本,見本 著者183,,読み終わった,0,,,2026-05-10
取り込みの見本 第184巻の本,見本 著者184,,読み終わった,0,,,2026-05-10
取り込みの見本 第185巻の本,見本 著者185,,読み終わった,0,,,2026-05-10
取り込みの見本 第186巻の本,見本 著者186,,読み終わった,0,,,2026-05-10
取り込みの見本 第187巻の本,見本 著者187,,読み終わった,0,,,2026-05-10
取り込みの見本 第188巻の本,見本 著者188,,読み終わった,0,,,2026-05-10
取り込みの見本 第189巻の本,見本 著者189,,読み終わった,0,,,2026-05-10
取り込みの見本 第190巻の本,見本 著者190,,読み終わった,0,,,2026-05-10
取り込みの見本 第191巻の本,見本 著者191,,読み終わった,0,,,2026-05-10
取り込みの見本 第192巻の本,見本 著者192,,読み終わった,0,,,2026-05-10
取り込みの見本 第193巻の本,見本 著者193,,読み終わった,0,,,2026-05-10
取り込みの見本 第194巻の本,見本 著者194,,読み終わった,0,,,2026-05-10
取り込みの見本 第195巻の本,見本 著者195,,読み終わった,0,,,2026-05-10
取り込みの見本 第196巻の本,見本 著者196,,読み終わった,0,,,2026-05-10
取り込みの見本 第197巻の本,見本 著者197,,読み終わった,0,,,2026-05-10
取り込みの見本 第198巻の本,見本 著者198,,読み終わった,0,,,2026-05-10
取り込みの見本 第199巻の本,見本 著者199,,読み終わった,0,,,2026-05-10
取り込みの見本 第200巻の本,見本 著者200,,読み終わった,0,,,2026-05-10
取り込みの見本 第201巻の本,見本 著者201,,読み終わった,0,,,2026-05-10
取り込みの見本 第202巻の本,見本 著者202,,読み終わった,0,,,2026-05-10
取り込みの見本 第203巻の本,見本 著者203,,読み終わった,0,,,2026-05-10
取り込みの見本 第204巻の本,見本 著者204,,読み終わった,0,,,2026-05-10
取り込みの見本 第205巻の本,見本 著者205,,読み終わった,0,,,2026-05-10
取り込みの見本 第206巻の本,見本 著者206,,読み終わった,0,,,2026-05-10
取り込みの見本 第207巻の本,見本 著者207,,読み終わった,0,,,2026-05-10
取り込みの見本 第208巻の本,見本 著者208,,読み終わった,0,,,2026-05-10
取り込みの見本 第209巻の本,見本 著者209,,読み終わった,0,,,2026-05-10
取り込みの見本 第210巻の本,見本 著者210,,読み終わった,0,,,2026-05-10
取り込みの見本 第211巻の本,見本 著者211,,読み終わった,0,,,2026-05-10
取り込みの見本 第212巻の本,見本 著者212,,読み終わった,0,,,2026-05-10
取り込みの見本 第213巻の本,見本 著者213,,読み終わった,0,,,2026-05-10
取り込みの見本 第214巻の本,見本 著者214,,読み終わった,0,,,2026-05-10
取り込みの見本 第215巻の本,見本 著者215,,読み終わった,0,,,2026-05-10
取り込みの見本 第216巻の本,見本 著者216,,読み終わった,0,,,2026-05-10
取り込みの見本 第217巻の本,見本 著者217,,読み終わった,0,,,2026-05-10
取り込みの見本 第218巻の本,見本 著者218,,読み終わった,0,,,2026-05-10
取り込みの見本 第219巻の本,見本 著者219,,読み終わった,0,,,2026-05-10
取り込みの見本 第220巻の本,見本 著者220,,読み終わった,0,,,2026-05-10
取り込みの見本 第221巻の本,見本 著者221,,読み終わった,0,,,2026-05-10
取り込みの見本 第222巻の本,見本 著者222,,読み終わった,0,,,2026-05-10
取り込みの見本 第223巻の本,見本 著者223,,読み終わった,0,,,2026-05-10
取り込みの見本 第224巻の本,見本 著者224,,読み終わった,0,,,2026-05-10
取り込みの見本 第225巻の本,見本 著者225,,読み終わった,0,,,2026-05-10
取り込みの見本 第226巻の本,見本 著者226,,読み終わった,0,,,2026-05-10
取り込みの見本 第227巻の本,見本 著者227,,読み終わった,0,,,2026-05-10
取り込みの見本 第228巻の本,見本 著者228,,読み終わった,0,,,2026-05-10
取り込みの見本 第229巻の本,見本 著者229,,読み終わった,0,,,2026-05-10
取り込みの見本 第230巻の本,見本 著者230,,読み終わった,0,,,2026-05-10
取り込みの見本 第231巻の本,見本 著者231,,読み終わった,0,,,2026-05-10
取り込みの見本 第232巻の本,見本 著者232,,読み終わった,0,,,2026-05-10
取り込みの見本 第233巻の本,見本 著者233,,読み終わった,0,,,2026-05-10
取り込みの見本 第234巻の本,見本 著者234,,読み終わった,0,,,2026-05-10
取り込みの見本 第235巻の本,見本 著者235,,読み終わった,0,,,2026-05-10
取り込みの見本 第236巻の本,見本 著者236,,読み終わった,0,,,2026-05-10
取り込みの見本 第237巻の本,見本 著者237,,読み終わった,0,,,2026-05-10
取り込みの見本 第238巻の本,見本 著者238,,読み終わった,0,,,2026-05-10
取り込みの見本 第239巻の本,見本 著者239,,読み終わった,0,,,2026-05-10
取り込みの見本 第240巻の本,見本 著者240,,読み終わった,0,,,2026-05-10
取り込みの見本 第241巻の本,見本 著者241,,読み終わった,0,,,2026-05-10
取り込みの見本 第242巻の本,見本 著者242,,読み終わった,0,,,2026-05-10
取り込みの見本 第243巻の本,見本 著者243,,読み終わった,0,,,2026-05-10
取り込みの見本 第244巻の本,見本 著者244,,読み終わった,0,,,2026-05-10
取り込みの見本 第245巻の本,見本 著者245,,読み終わった,0,,,2026-05-10
取り込みの見本 第246巻の本,見本 著者246,,読み終わった,0,,,2026-05-10
取り込みの見本 第247巻の本,見本 著者247,,読み終わった,0,,,2026-05-10
取り込みの見本 第248巻の本,見本 著者248,,読み終わった,0,,,2026-05-10
取り込みの見本 第249巻の本,見本 著者249,,読み終わった,0,,,2026-05-10
取り込みの見本 第250巻の本,見本 著者250,,読み終わった,0,,,2026-05-10
取り込みの見本 第251巻の本,見本 著者251,,読み終わった,0,,,2026-05-10
取り込みの見本 第252巻の本,見本 著者252,,読み終わった,0,,,2026-05-10
取り込みの見本 第253巻の本,見本 著者253,,読み終わった,0,,,2026-05-10
取り込みの見本 第254巻の本,見本 著者254,,読み終わった,0,,,2026-05-10
取り込みの見本 第255巻の本,見本 著者255,,読み終わった,0,,,2026-05-10
取り込みの見本 第256巻の本,見本 著者256,,読み終わった,0,,,2026-05-10
取り込みの見本 第257巻の本,見本 著者257,,読み終わった,0,,,2026-05-10
取り込みの見本 第258巻の本,見本 著者258,,読み終わった,0,,,2026-05-10
取り込みの見本 第259巻の本,見本 著者259,,読み終わった,0,,,2026-05-10
取り込みの見本 第260巻の本,見本 著者260,,読み終わった,0,,,2026-05-10
取り込みの見本 第261巻の本,見本 著者261,,読み終わった,0,,,2026-05-10
取り込みの見本 第262巻の本,見本 著者262,,読み終わった,0,,,2026-05-10
取り込みの見本 第263巻の本,見本 著者263,,読み終わった,0,,,2026-05-10
取り込みの見本 第264巻の本,見本 著者264,,読み終わった,0,,,2026-05-10
取り込みの見本 第265巻の本,見本 著者265,,読み終わった,0,,,2026-05-10
取り込みの見本 第266巻の本,見本 著者266,,読み終わった,0,,,2026-05-10
取り込みの見本 第267巻の本,見本 著者267,,読み終わった,0,,,2026-05-10
取り込みの見本 第268巻の本,見本 著者268,,読み終わった,0,,,2026-05-10
取り込みの見本 第269巻の本,見本 著者269,,読み終わった,0,,,2026-05-10
取り込みの見本 第270巻の本,見本 著者270,,読み終わった,0,,,2026-05-10
取り込みの見本 第271巻の本,見本 著者271,,読み終わった,0,,,2026-05-10
取り込みの見本 第272巻の本,見本 著者272,,読み終わった,0,,,2026-05-10
取り込みの見本 第273巻の本,見本 著者273,,読み終わった,0,,,2026-05-10
取り込みの見本 第274巻の本,見本 著者274,,読み終わった,0,,,2026-05-10
取り込みの見本 第275巻の本,見本 著者275,,読み終わった,0,,,2026-05-10
取り込みの見本 第276巻の本,見本 著者276,,読み終わった,0,,,2026-05-10
取り込みの見本 第277巻の本,見本 著者277,,読み終わった,0,,,2026-05-10
取り込みの見本 第278巻の本,見本 著者278,,読み終わった,0,,,2026-05-10
取り込みの見本 第279巻の本,見本 著者279,,読み終わった,0,,,2026-05-10
取り込みの見本 第280巻の本,見本 著者280,,読み終わった,0,,,2026-05-10
取り込みの見本 第281巻の本,見本 著者281,,読み終わった,0,,,2026-05-10
取り込みの見本 第282巻の本,見本 著者282,,読み終わった,0,,,2026-05-10
取り込みの見本 第283巻の本,見本 著者283,,読み終わった,0,,,2026-05-10
取り込みの見本 第284巻の本,見本 著者284,,読み終わった,0,,,2026-05-10
取り込みの見本 第285巻の本,見本 著者285,,読み終わった,0,,,2026-05-10
取り込みの見本 第286巻の本,見本 著者286,,読み終わった,0,,,2026-05-10
取り込みの見本 第287巻の本,見本 著者287,,読み終わった,0,,,2026-05-10
取り込みの見本 第288巻の本,見本 著者288,,読み終わった,0,,,2026-05-10
取り込みの見本 第289巻の本,見本 著者289,,読み終わった,0,,,2026-05-10
取り込みの見本 第290巻の本,見本 著者290,,読み終わった,0,,,2026-05-10
取り込みの見本 第291巻の本,見本 著者291,,読み終わった,0,,,2026-05-10
取り込みの見本 第292巻の本,見本 著者292,,読み終わった,0,,,2026-05-10
取り込みの見本 第293巻の本,見本 著者293,,読み終わった,0,,,2026-05-10
取り込みの見本 第294巻の本,見本 著者294,,読み終わった,0,,,2026-05-10
取り込みの見本 第295巻の本,見本 著者295,,読み終わった,0,,,2026-05-10
取り込みの見本 第296巻の本,見本 著者296,,読み終わった,0,,,2026-05-10
取り込みの見本 第297巻の本,見本 著者297,,読み終わった,0,,,2026-05-10
取り込みの見本 第298巻の本,見本 著者298,,読み終わった,0,,,2026-05-10
取り込みの見本 第299巻の本,見本 著者299,,読み終わった,0,,,2026-05-10
取り込みの見本 第300巻の本,見本 著者300,,読み終わった,0,,,2026-05-10
取り込みの見本 第301巻の本,見本 著者301,,読み終わった,0,,,2026-05-10
取り込みの見本 第302巻の本,見本 著者302,,読み終わった,0,,,2026-05-10
取り込みの見本 第303巻の本,見本 著者303,,読み終わった,0,,,2026-05-10
取り込みの見本 第304巻の本,見本 著者304,,読み終わった,0,,,2026-05-10
取り込みの見本 第305巻の本,見本 著者305,,読み終わった,0,,,2026-05-10
取り込みの見本 第306巻の本,見本 著者306,,読み終わった,0,,,2026-05-10
取り込みの見本 第307巻の本,見本 著者307,,読み終わった,0,,,2026-05-10
取り込みの見本 第308巻の本,見本 著者308,,読み終わった,0,,,2026-05-10
取り込みの見本 第309巻の本,見本 著者309,,読み終わった,0,,,2026-05-10
取り込みの見本 第310巻の本,見本 著者310,,読み終わった,0,,,2026-05-10
取り込みの見本 第311巻の本,見本 著者311,,読み終わった,0,,,2026-05-10
取り込みの見本 第312巻の本,見本 著者312,,読み終わった,0,,,2026-05-10
取り込みの見本 第313巻の本,見本 著者313,,読み終わった,0,,,2026-05-10
取り込みの見本 第314巻の本,見本 著者314,,読み終わった,0,,,2026-05-10
取り込みの見本 第315巻の本,見本 著者315,,読み終わった,0,,,2026-05-10
取り込みの見本 第316巻の本,見本 著者316,,読み終わった,0,,,2026-05-10
取り込みの見本 第317巻の本,見本 著者317,,読み終わった,0,,,2026-05-10
取り込みの見本 第318巻の本,見本 著者318,,読み終わった,0,,,2026-05-10
取り込みの見本 第319巻の本,見本 著者319,,読み終わった,0,,,2026-05-10
取り込みの見本 第320巻の本,見本 著者320,,読み終わった,0,,,2026-05-10
取り込みの見本 第321巻の本,見本 著者321,,読み終わった,0,,,2026-05-10
取り込みの見本 第322巻の本,見本 著者322,,読み終わった,0,,,2026-05-10
取り込みの見本 第323巻の本,見本 著者323,,読み終わった,0,,,2026-05-10
取り込みの見本 第324巻の本,見本 著者324,,読み終わった,0,,,2026-05-10
取り込みの見本 第325巻の本,見本 著者325,,読み終わった,0,,,2026-05-10
取り込みの見本 第326巻の本,見本 著者326,,読み終わった,0,,,2026-05-10
取り込みの見本 第327巻の本,見本 著者327,,読み終わった,0,,,2026-05-10
取り込みの見本 第328巻の本,見本 著者328,,読み終わった,0,,,2026-05-10
取り込みの見本 第329巻の本,見本 著者329,,読み終わった,0,,,2026-05-10
取り込みの見本 第330巻の本,見本 著者330,,読み終わった,0,,,2026-05-10
取り込みの見本 第331巻の本,見本 著者331,,読み終わった,0,,,2026-05-10
取り込みの見本 第332巻の本,見本 著者332,,読み終わった,0,,,2026-05-10
取り込みの見本 第333巻の本,見本 著者333,,読み終わった,0,,,2026-05-10
取り込みの見本 第334巻の本,見本 著者334,,読み終わった,0,,,2026-05-10
取り込みの見本 第335巻の本,見本 著者335,,読み終わった,0,,,2026-05-10
取り込みの見本 第336巻の本,見本 著者336,,読み終わった,0,,,2026-05-10
取り込みの見本 第337巻の本,見本 著者337,,読み終わった,0,,,2026-05-10
取り込みの見本 第338巻の本,見本 著者338,,読み終わった,0,,,2026-05-10
取り込みの見本 第339巻の本,見本 著者339,,読み終わった,0,,,2026-05-10
取り込みの見本 第340巻の本,見本 著者340,,読み終わった,0,,,2026-05-10
取り込みの見本 第341巻の本,見本 著者341,,読み終わった,0,,,2026-05-10
取り込みの見本 第342巻の本,見本 著者342,,読み終わった,0,,,2026-05-10
取り込みの見本 第343巻の本,見本 著者343,,読み終わった,0,,,2026-05-10
取り込みの見本 第344巻の本,見本 著者344,,読み終わった,0,,,2026-05-10
取り込みの見本 第345巻の本,見本 著者345,,読み終わった,0,,,2026-05-10
取り込みの見本 第346巻の本,見本 著者346,,読み終わった,0,,,2026-05-10
取り込みの見本 第347巻の本,見本 著者347,,読み終わった,0,,,2026-05-10
取り込みの見本 第348巻の本,見本 著者348,,読み終わった,0,,,2026-05-10
取り込みの見本 第349巻の本,見本 著者349,,読み終わった,0,,,2026-05-10
取り込みの見本 第350巻の本,見本 著者350,,読み終わった,0,,,2026-05-10
